file-name,caption,url
0,Timothee Chalamet and Rebecca Ferguson in Dune,"https://i2.wp.com/discussingfilm.net/wp-content/uploads/2021/09/lMLxk0Xj.jpg?fit=1170,780&ssl=1"
1,Joker Joaquin Phoenix 2019 Movie Wallpaper Joker,https://i.pinimg.com/736x/1f/62/51/1f6251d4e9ab99d8bd84a4548a6f902e.jpg
2,Buzz Aldrin on the Moon,https://pietistschoolman.files.wordpress.com/2012/07/aldrin-on-the-moon.jpg?w=365&amp;h=365&amp;crop=1
3,Raising the Flag on Iwo Jima,https://gallery.mailchimp.com/5a6e385eed959142044dc8096/images/d24d47ab-34a1-46c3-9009-7260b6ac5821.jpg
4,Apollo 11 Bootprint,https://compote.slate.com/images/5232ad59-c398-4cb5-b149-441971c0aa69.jpg
5,"2022 Ski-Doo Renegade X-RS 900 ACE Turbo R ES RipSaw 1.25 w/ Premium Color Display in Ponderay, Idaho - Photo 5",https://cdp.azureedge.net/products/USA/SK/2022/SNOWMOB/SNOWMOB/RENEGADE_X-RS_900_ACE_TURBO_R_ES_RIPSAW_125_W-_PRE/50/BLACK/2000000005_480px.jpg
6,<em>Bloodborne</em> Video: Sony Explains the Game's Procedurally Generated Dungeons,http://cdn.pastemagazine.com/www/articles/bloodborne%20video%20square.jpg?635583824142776732
7,Barack Obama portrait by Kehinde Wiley,https://images.squarespace-cdn.com/content/5400a9cbe4b08161ea5c28b4/1518544754085-GJV245ZIHD8IMGQOAEYM/Barack+Obama+portrait+by+Kehinde+Wiley?content-type=image%2Fjpeg
8,Migrant Mother - Dorothea Lange,https://photoarts.com.br/wp-content/uploads/2019/12/Migrant-Mother-540x540.jpg
9,American Gothic,https://kellesparta.com/wp-content/uploads/2020/02/American-Gothic-248x300.jpg